4716344,South Africa,Interest > News and Politics,5106810,1360429
1251216,South Africa,Interest > News and Politics > Local News,4718241,1297134
54332,South Africa,Interest > News and Politics > National News,4698700,1291477
560092,South Africa,Interest > News and Politics > International News,4139142,1155028
711102,South Africa,Interest > Internet,3361691,691298
105401,South Africa,Interest > Events and Attractions,2913159,674050
33520,South Africa,Interest > Rugby,2692285,867601
2736077,South Africa,Interest > Pop Culture,2599230,449779
3505322,South Africa,Interest > Rugby > Rugby League,2494223,805975
3728752,South Africa,Interest > Travel Locations,2423955,709319
2922167,South Africa,Interest > Rugby > Rugby Union,2388885,811321
3067024,South Africa,Interest > Pop Culture > Celebrity Scandal,2228387,331903
4794033,South Africa,Interest > Television,2223214,658230
1696210,South Africa,Interest > Travel Locations > South America Travel,2213025,679008
3429260,South Africa,Interest > Pop Culture > Celebrity Style,2198236,290524
4696361,South Africa,Interest > Pop Culture > Celebrity Relationships,2171657,290395
1562479,South Africa,Interest > Internet > Web Hosting,2055054,251645
3051650,South Africa,Interest > Pop Culture > Celebrity Deaths,2041143,241710
1100548,South Africa,Interest > Parenting,2019769,774509
1513821,South Africa,Interest > Travel Locations > North America Travel,1920798,609191
66868,South Africa,Interest > Talk Radio,1919418,581653
194239,South Africa,Interest > Talk Radio > News Radio,1883080,570601
2170923,South Africa,Interest > Talk Radio > Business News Radio,1881493,571957
10797,South Africa,Interest > Personal Celebrations & Life Events,1796275,632940
1677676,South Africa,Interest > Parenting > Parenting Teens,1757321,697427
3970821,South Africa,Interest > Travel Locations > Africa Travel,1720611,518839
385935,South Africa,Interest > Events and Attractions > National & Civic Holidays,1674038,466458
3516807,South Africa,Interest > Sports,1672084,494530
2395180,South Africa,Interest > Sports > Snooker/Pool/Billiards,1672084,494530
1798951,South Africa,Interest > Shopping,1610476,490719
1291582,South Africa,Interest > Parenting > Special Needs Kids,1572028,645336
2573942,South Africa,Interest > Travel Type,1520870,287798
0,South Africa,Interest > Financial Assistance,1415095,601222
4103954,South Africa,Interest > Internet > Internet for Beginners,1399739,531449
1209818,South Africa,Interest > Family and Relationships,1339219,568803
3608729,South Africa,Interest > News and Politics > Crime,1334819,583432
87317,South Africa,Interest > Events and Attractions > Historic Site and Landmark Tours,1330086,291799
3839724,South Africa,Interest > Financial Assistance > Student Financial Aid,1301254,565868
2688565,South Africa,Interest > Financial Assistance > Government Support and Welfare,1289450,561423
4047569,South Africa,Interest > Economy,1147421,459551
778540,South Africa,Interest > Family and Relationships > Marriage and Civil Unions,1133450,518180
2627492,South Africa,Interest > Internet > Internet of Things,1100720,429140
1787995,South Africa,Interest > Real Estate,1098436,439353
1833173,South Africa,Interest > Parenting > Parenting Children Aged 4-11,1094093,454581
1746237,South Africa,Interest > Internet > IT and Internet Support,1083775,446776
2814502,South Africa,Interest > Travel Type > Beach Travel,1071383,204498
644151,South Africa,Interest > Parenting > Parenting Babies and Toddlers,1068230,428165
788670,South Africa,Interest > Business Banking & Finance,1031529,403409
1967200,South Africa,Interest > Shopping > Lotteries and Scratchcards,1026261,327107
800358,South Africa,Interest > Television > Holiday TV,1021052,341390
3371668,South Africa,Interest > Travel Locations > Australia and Oceania Travel,1016497,333261
3811209,South Africa,Interest > Shopping > Holiday Shopping,1003143,327269
3619800,South Africa,Interest > Music and Audio,989603,325886
1501972,South Africa,Interest > Music and Audio > R&B/Soul/Funk,989603,325886
525496,South Africa,Interest > Music and Audio > Songwriters/Folk,989603,325886
3893461,South Africa,Interest > Events and Attractions > Malls & Shopping Centers,980017,192016
919249,South Africa,Interest > Television > Reality TV,957328,344875
1401887,South Africa,Interest > Shopping > Grocery Shopping,945171,307871
345351,South Africa,Interest > Television > Children's TV,933858,332139
1543303,South Africa,Interest > Personal Celebrations & Life Events > Baby Shower,927696,369591
625587,South Africa,Interest > Sports > Australian Rules Football,921705,261783
900405,South Africa,Interest > Television > Sports TV,880776,308270
3338660,South Africa,Interest > Family and Relationships > Divorce,877660,387572
3662623,South Africa,Interest > Auto Body Styles,871706,368165
1230739,South Africa,Interest > Business,861854,379591
1413408,South Africa,Interest > Television > Music TV,858471,287338
666035,South Africa,Interest > Sports > American Football,858329,226316
1986199,South Africa,Interest > Travel Type > Honeymoons and Getaways,849499,148545
4592969,South Africa,Interest > Real Estate > Real Estate Renting and Leasing,822075,347173
3350778,South Africa,Interest > Television > Factual TV,822003,264106
1270987,South Africa,Interest > Personal Celebrations & Life Events > Birthday,819914,307697
114900,South Africa,Interest > Business Banking & Finance > Debt Factoring & Invoice Discounting,810241,328967
1491045,South Africa,Interest > Politics,789857,326004
742905,South Africa,Interest > Video Game Genres,785344,229143
4406239,South Africa,Interest > Travel Locations > Europe Travel,761994,224922
467257,South Africa,Interest > Events and Attractions > Concerts & Music Events,760214,242739
1387969,South Africa,Interest > Pop Culture > Celebrity Families,755642,299891
2143936,South Africa,Interest > Shopping > Coupons and Discounts,750369,237760
4553507,South Africa,Interest > Politics > Political Issues,746647,314486
156283,South Africa,Interest > Travel Type > Adventure Travel,744074,149423
982376,South Africa,Interest > Sports > Soccer,739175,228311
1480032,South Africa,Interest > Home Utilities,733168,326349
3779412,South Africa,Interest > Travel Locations > Asia Travel,693337,207393
2755515,South Africa,Interest > Family and Relationships > Single Life,689304,323185
2134213,South Africa,Interest > Television > Drama TV,686338,265767
3987211,South Africa,Interest > Business > Government Business,682525,322370
4755900,South Africa,Interest > Television > Comedy TV,665732,272765
1082533,South Africa,Interest > Auto Type,664337,264021
3640954,South Africa,Interest > Personal Celebrations & Life Events > Bachelor Party,656454,276442
4433224,South Africa,Interest > News and Politics > Weather,650309,258888
4369545,South Africa,Interest > Television > Science Fiction TV,649537,224846
146994,South Africa,Interest > Travel Type > Hotels and Motels,638070,110347
2496861,South Africa,Interest > Personal Celebrations & Life Events > Wedding,627173,230049
2180704,South Africa,Interest > Auto Type > Driverless Cars,624404,254240
1011765,South Africa,Interest > Personal Finance,618192,283631
2644017,South Africa,Interest > Rock Music,616155,195328
2799265,South Africa,Interest > Auto Body Styles > SUV,614201,283830
2191079,South Africa,Interest > Internet > Web Design and HTML,607583,219238
3849039,South Africa,Interest > Style & Fashion,603334,272551
4415681,South Africa,Interest > Economy > Gasoline Prices,584735,249607
3456975,South Africa,Interest > Travel Type > Bed & Breakfasts,582697,96674
2651952,South Africa,Interest > Real Estate > Real Estate Buying and Selling,580430,247432
1756253,South Africa,Interest > Personal Celebrations & Life Events > Bachelorette Party,578869,230332
447274,South Africa,Interest > Politics > War and Conflicts,569695,249795
3598262,South Africa,Interest > Education,569519,274214
4289497,South Africa,Interest > Events and Attractions > Theater Venues and Events,550915,137427
2076860,South Africa,Interest > Home Utilities > Water Services,549543,252949
3419422,South Africa,Interest > Job Search,546189,179097
1337718,South Africa,Interest > Games and Puzzles,545981,174142
2353336,South Africa,Interest > Economy > Financial Crisis,544609,263120
3157370,South Africa,Interest > Job Search > Resume Writing and Advice,536238,177379
2541212,South Africa,Interest > Events and Attractions > Parks & Nature,535222,195609
1574587,South Africa,Interest > Politics > Elections,531881,238306
2123893,South Africa,Interest > Business > Executive Leadership & Management,527039,254192
167090,South Africa,Interest > Movies,526041,137100
1659085,South Africa,Interest > Internet > Web Development,525131,227794
209253,South Africa,Interest > Economy > Financial Reform,524362,256114
428312,South Africa,Interest > Hobbies & Interests,519468,141691
650014,South Africa,Interest > Games and Puzzles > Board Games and Puzzles,513776,167621
2486752,South Africa,Interest > Rock Music > Hard Rock,513394,168141
3451646,South Africa,Interest > Pop Culture > Celebrity Pregnancy,511665,187733
2038259,South Africa,Interest > Real Estate > Land and Farms,507931,220627
1281452,South Africa,Interest > Video Game Genres > Action Video Games,504129,172957
2841883,South Africa,Interest > Food & Drink,497028,167862
3033706,South Africa,Interest > Industries,481649,228778
1842267,South Africa,Interest > Pets,461252,196090
4781358,South Africa,Interest > Events and Attractions > Sporting Events,459929,98440
699713,South Africa,Interest > Video Game Genres > Role-Playing Video Games,456910,133817
2099971,South Africa,Interest > Home Utilities > Internet Service Providers,452535,217411
4456790,South Africa,Interest > Real Estate > Office Property,448355,218479
1261191,South Africa,Interest > Sports > Fantasy Sports,448048,118885
325271,South Africa,Interest > Business Banking & Finance > Sale & Lease Back,441004,172190
302068,South Africa,Interest > Events and Attractions > Bars & Restaurants,434954,88833
2850637,South Africa,Interest > Food & Drink > Healthy Cooking and Eating,431260,148223
2596608,South Africa,Interest > Real Estate > Apartments,427988,214213
3189482,South Africa,Interest > Economy > Interest Rates,427505,178261
3400853,South Africa,Interest > Religion & Spirituality,427218,159690
456970,South Africa,Interest > Video Game Genres > Music and Party Video Games,425814,148727
2942293,South Africa,Interest > Economy > Financial Regulation,424873,202573
4745655,South Africa,Interest > Auto Type > Concept Cars,416198,154449
136909,South Africa,Interest > Style & Fashion > High Fashion,415866,205912
3978634,South Africa,Interest > Style & Fashion > Street Style,415429,200762
3113532,South Africa,Interest > Games and Puzzles > Card Games,413922,143953
219332,South Africa,Interest > Video Game Genres > Sports Video Games,412949,113056
1604475,South Africa,Interest > Events and Attractions > Business Expos & Conferences,410956,117468
1822926,South Africa,Interest > Video Game Genres > Puzzle Video Games,405188,135061
588574,South Africa,Interest > Rock Music > Soft Rock,403636,133007
3921633,South Africa,Interest > Personal Celebrations & Life Events > Anniversary,402064,157946
2934215,South Africa,Interest > Parenting > Daycare and Pre-School,399984,212539
2478413,South Africa,Interest > Economy > Housing Market,393098,184448
4445769,South Africa,Interest > Shopping > Flower Shopping,386805,121452
609980,South Africa,Interest > Business > Business Administration,385919,184081
689158,South Africa,Interest > Personal Celebrations & Life Events > Funeral,385810,160997
3946039,South Africa,Interest > Home & Garden,383324,119200
3298332,South Africa,Interest > Business Banking & Finance > Angel Investment,378697,162538
4147585,South Africa,Interest > Education > Primary Education,378656,189415
2056745,South Africa,Interest > Auto Body Styles > Pickup Trucks,377073,188762
4209038,South Africa,Interest > Rock Music > Alternative Rock,373229,108282
353806,South Africa,Interest > Education > Adult Education,371731,189861
2610394,South Africa,Interest > Home Utilities > Gas and Electric,371422,169992
580841,South Africa,Interest > Real Estate > Industrial Property,368250,171089
940127,South Africa,Interest > Rock Music > Album-oriented Rock,364922,117897
1155078,South Africa,Interest > Automotive,363108,156517
870900,South Africa,Interest > Events and Attractions > Fashion Events,362717,127610
861649,South Africa,Interest > Auto Type > Luxury Cars,361177,143850
2463247,South Africa,Interest > Home Utilities > Phone Services,360187,169793
2408876,South Africa,Interest > Business > Business Accounting & Finance,357315,164264
3912623,South Africa,Interest > Business Banking & Finance > Private Equity,355046,175874
2115396,South Africa,Interest > Economy > Currencies,350569,128923
2442388,South Africa,Interest > Education > Secondary Education,349311,166239
4665887,South Africa,Interest > Video Game Genres > Action-Adventure Video Games,341762,78896
1369795,South Africa,Interest > Religion & Spirituality > Christianity,341484,130473
271729,South Africa,Interest > Olympic Sports,336499,93340
4635435,South Africa,Interest > Diseases and Conditions,331021,131498
3768390,South Africa,Interest > Personal Celebrations & Life Events > Prom,327487,147555
4325201,South Africa,Interest > Television > Special Interest TV,327024,144731
680650,South Africa,Interest > Personal Investing,322239,138765
2449441,South Africa,Interest > Rock Music > Classic Rock,321767,118669
2518660,South Africa,Interest > Religion & Spirituality > Agnosticism,321386,112710
3687422,South Africa,Interest > Adult Contemporary Music,319584,133221
3211676,South Africa,Interest > Internet > Cloud Computing,316449,159932
933402,South Africa,Interest > Olympic Sports > Winter Olympic Sports,314978,87870
3936431,South Africa,Interest > Pets > Dogs,312838,137465
973366,South Africa,Interest > Movies > Horror Movies,312577,94541
4492437,South Africa,Interest > Olympic Sports > Summer Olympic Sports,307398,86122
3409344,South Africa,Interest > Men's Clothing,306545,100754
3382389,South Africa,Interest > Television > Soap Opera TV,302554,109556
2217324,South Africa,Interest > Careers,298164,120406
3524951,South Africa,Interest > Sports > Darts,296828,102574
262117,South Africa,Interest > Religion & Spirituality > Islam,295881,120007
1892032,South Africa,Interest > Business > Small and Medium-sized Business,295741,148465
1311257,South Africa,Interest > Events and Attractions > Awards Shows,295178,84541
1978168,South Africa,Interest > Personal Finance > Personal Taxes,293118,147232
2199238,South Africa,Interest > Family and Relationships > Bereavement,290029,148218
3041168,South Africa,Interest > News and Politics > Law,286551,151663
3282837,South Africa,Interest > Parenting > Internet Safety,286263,160515
3328540,South Africa,Interest > Auto Body Styles > Minivan,284745,154937
1778594,South Africa,Interest > Men's Clothing > Men's Casual Wear,283626,94799
484069,South Africa,Interest > Video Game Genres > Adventure Video Games,280690,100168
3555569,South Africa,Interest > Business Banking & Finance > Business Loans,278718,123309
1717425,South Africa,Interest > Shopping > Gifts and Greetings Cards,277279,89156
238860,South Africa,Interest > Computer Software and Applications,276684,65963
497281,South Africa,Interest > Education > Private School,273034,143300
1107987,South Africa,Interest > Auto Type > Budget Cars,272547,130114
534714,South Africa,"Interest > Music and Audio > Soundtracks, TV and Showtunes",272168,101624
2550241,South Africa,Interest > Events and Attractions > Comedy Events,270662,97520
4022908,South Africa,Interest > Adult Contemporary Music > Urban AC Music,269133,117333
1184582,South Africa,Interest > Auto Body Styles > Coupe,267811,115805
3752269,South Africa,Interest > Travel Type > Business Travel,266341,54757
3737908,South Africa,Interest > Home & Garden > Smart Home,265042,60446
2069245,South Africa,Interest > Events and Attractions > Casinos & Gambling,264364,83953
2152122,South Africa,Interest > Auto Type > Performance Cars,263785,95524
3204450,South Africa,Interest > Travel Type > Family Travel,263103,74776
2010939,South Africa,Interest > Industries > Education industry,262623,125038
4304787,South Africa,Interest > Technology & Computing,261598,104139
3716489,South Africa,Interest > Books and Literature,260219,97041
3018822,South Africa,Interest > Business > Business Utilities,259151,142587
2635408,South Africa,Interest > Auto Body Styles > Station Wagon,258535,112251
1667056,South Africa,Interest > Internet > Social Networking,257296,123270
2667192,South Africa,Interest > Personal Celebrations & Life Events > Birth,256906,108623
2383646,South Africa,Interest > Food & Drink > Dining Out,256096,96060
4680945,South Africa,Interest > Education > Early Childhood Education,253622,130479
506778,South Africa,Interest > Adult Contemporary Music > Soft AC Music,250192,105998
1931307,South Africa,Interest > Men's Clothing > Men's Formal Wear,248270,85132
1528399,South Africa,Interest > Travel Type > Rail Travel,247758,67301
251296,South Africa,Interest > Personal Finance > Consumer Banking,247371,149141
568116,South Africa,Interest > Injuries,246768,121901
1421728,South Africa,Interest > Events and Attractions > Political Event,245621,75901
2289957,South Africa,Interest > Sports > Fishing Sports,244257,63662
3819172,South Africa,Interest > Injuries > First Aid,244012,120591
2238557,South Africa,Interest > Job Search > Job Fairs,240739,95666
1044438,South Africa,Interest > Food & Drink > Vegan Diets,240314,71101
1879824,South Africa,Interest > Women's Clothing,240283,98239
4584714,South Africa,Interest > Business Banking & Finance > Bankruptcy,239308,114140
3677571,South Africa,Interest > Personal Finance > Financial Planning,239014,122182
2252849,South Africa,Interest > Family and Relationships > Dating,235694,85867
2873755,South Africa,Interest > Real Estate > Houses,233418,108057
2309939,South Africa,Interest > Sports > Beach Volleyball,232987,91761
3883991,South Africa,Interest > Home & Garden > Home Security,232056,49885
4395251,South Africa,Interest > Sports > Disabled Sports,228756,95060
889065,South Africa,Interest > Auto Body Styles > Hatchback,228700,77431
1330651,South Africa,Interest > Movies > Fantasy Movies,228357,62443
3752261,South Africa,Interest > Real Estate > Retail Property,227789,93637
2526440,South Africa,Interest > Education > Online Education,227020,115204
3181082,South Africa,Interest > Women's Clothing > Women's Casual Wear,223460,93395
2911428,South Africa,Interest > Careers > Career Advice,222593,84775
3631628,South Africa,Interest > Style & Fashion > Body Art,221469,98650
1021740,South Africa,Interest > Video Game Genres > Simulation Video Games,220601,47327
754831,South Africa,Interest > Economy > Job Market,218217,89537
176893,South Africa,Interest > Movies > Crime and Mystery Movies,215199,74334
41661,South Africa,Interest > Auto Racing,213557,61292
907883,South Africa,Interest > Real Estate > Hotel Properties,213524,88670
4116767,South Africa,Interest > College Sports,211795,90082
2265736,South Africa,Interest > Shopping > Sales and Promotions,209788,73928
3465113,South Africa,Interest > Auto Racing > Motorcycle Sports,209702,60995
3547018,South Africa,Interest > Men's Clothing > Men's Underwear and Sleepwear,208983,74085
1972101,South Africa,Interest > Careers > Apprenticeships,208044,84315
4703464,South Africa,Interest > Business Banking & Finance > Mergers and Acquisitions,206732,93100
315883,South Africa,Interest > Pets > Large Animals,206490,90272
1885334,South Africa,Interest > Sports > Softball,206061,99517
1443626,South Africa,Interest > Travel Type > Air Travel,205152,55852
2106115,South Africa,Interest > Personal Investing > Hedge Funds,203409,85183
2989283,South Africa,Interest > Food & Drink > Vegetarian Diets,203265,58255
295058,South Africa,Interest > Sports > Cricket,202995,74836
2507684,South Africa,Interest > Personal Investing > Mutual Funds,201749,84003
362239,South Africa,Interest > Style & Fashion > Fashion Trends,199775,80605
278787,South Africa,Interest > College Sports > College Football,197906,83683
4515152,South Africa,Interest > Music and Audio > Reggae,196691,74032
3857056,South Africa,Interest > Style & Fashion > Designer Clothing,194201,88793
2260949,South Africa,Interest > Technology & Computing > Virtual Reality,193886,78662
4189168,South Africa,Interest > Economy > Commodities,193023,85612
2276727,South Africa,Interest > Automotive > Auto Safety,192103,100192
1429413,South Africa,Interest > Technology & Computing > Augmented Reality,191671,74634
2718616,South Africa,Interest > Music and Audio > Gospel Music,191632,77791
1915231,South Africa,Interest > Video Game Genres > Strategy Video Games,191427,52329
3928745,South Africa,Interest > Women's Accessories,190802,61107
2004968,South Africa,Interest > Style & Fashion > Children's Clothing,190272,101573
1036655,South Africa,Interest > Careers > Vocational Training,186792,80738
3828882,South Africa,Interest > Religion & Spirituality > Hinduism,185705,77877
2699723,South Africa,Interest > Industries > Legal Services Industry,184982,92619
4535510,South Africa,Interest > Religion & Spirituality > Judaism,183776,76203
3670625,South Africa,Interest > Sports > Table Tennis,181876,42814
4378584,South Africa,Interest > Home & Garden > Home Entertaining,181455,27137
1763640,South Africa,Interest > Sports > Volleyball,180962,62276
1462573,South Africa,Interest > Hobbies & Interests > Antiquing and Antiques,180782,50496
417716,South Africa,Interest > Movies > World Movies,180662,56793
1298778,South Africa,Interest > Personal Investing > Stocks and Bonds,178033,74110
93604,South Africa,Interest > Women's Clothing > Women's Formal Wear,177098,79928
1552951,South Africa,Interest > Movies > Indie and Arthouse Movies,176943,41742
633733,South Africa,Interest > Medical Health,175878,77427
1611133,South Africa,Interest > Men's Clothing > Men's Business Wear,175375,56219
1114523,South Africa,Interest > Pop Culture > Humor and Satire,174616,86878
3864312,South Africa,Interest > Pets > Birds,173889,73281
3568667,South Africa,Interest > Movies > Action and Adventure Movies,173264,57955
852720,South Africa,Interest > Careers > Career Planning,172181,61358
1805936,South Africa,Interest > Pop Culture > Celebrity Homes,171537,68764
3994872,South Africa,Interest > Healthy Living,169784,77282
1993173,South Africa,Interest > Business > Business I.T.,168621,74824
2806010,South Africa,Interest > Pets > Pet Supplies,168503,72516
1321237,South Africa,Interest > Television > Animation TV,166228,48154
3532546,South Africa,Interest > Business > Business Operations,165544,75667
1588989,South Africa,Interest > Industries > Real Estate Industry,164308,83252
4561309,South Africa,Interest > Personal Care,163573,62880
2030216,South Africa,Interest > Real Estate > Vacation Properties,161640,54040
228368,South Africa,Interest > Talk Radio > Public Radio,161474,56692
4496606,South Africa,Interest > Business > Large Business,160232,74266
285640,South Africa,Interest > Food & Drink > Desserts and Baking,160219,50957
2659917,South Africa,Interest > Insurance,159326,78986
4766032,South Africa,Interest > Talk Radio > Educational Radio,158352,27431
716784,South Africa,Interest > Auto Type > Classic Cars,157897,67140
1199265,South Africa,Interest > Movies > Documentary Movies,157712,48208
2531408,South Africa,Interest > Industries > Information Services Industry,157433,70221
3080861,South Africa,Interest > Insurance > Life Insurance,156004,77714
3473083,South Africa,Interest > Books and Literature > Comics and Graphic Novels,155305,49948
2426264,South Africa,Interest > Video Gaming,155146,62811
1238586,South Africa,Interest > Hobbies & Interests > Magic and Illusion,154153,42370
200656,South Africa,Interest > Events and Attractions > Party Supplies and Decorations,153254,44867
4378642,South Africa,Interest > Beauty,152704,42703
375079,South Africa,Interest > Travel Type > Road Trips,152544,52256
2433913,South Africa,Interest > Auto Body Styles > Sedan,152355,54392
1189860,South Africa,Interest > Food & Drink > Barbecues and Grilling,151785,61986
400779,South Africa,Interest > Computer Software and Applications > Video Software,150926,33893
826392,South Africa,Interest > College Sports > College Baseball,149594,67873
3252219,South Africa,Interest > Auto Body Styles > Commercial Trucks,149470,65683
1347022,South Africa,Interest > Movies > Romance Movies,149144,36225
3588575,South Africa,Interest > Home & Garden > Home Appliances,148648,18491
1177116,South Africa,Interest > Women's Clothing > Women's Business Wear,147522,61548
3434919,South Africa,Interest > Insurance > Health Insurance,147120,74687
3741912,South Africa,Interest > Industries > Metals Industry,147082,78854
333711,South Africa,Interest > Fine Art,145964,51825
3164099,South Africa,Interest > Automotive > Auto Parts,144796,71953
2768518,South Africa,Interest > Personal Finance > Frugal Living,144733,62947
3099412,South Africa,Interest > Women's Accessories > Women's Hats and Scarves,144628,45438
2897190,South Africa,Interest > Insurance > Home Insurance,144233,71489
2774869,South Africa,Interest > Auto Type > Green Vehicles,143723,69447
3305970,South Africa,Interest > Music and Audio > Urban Contemporary Music,143144,61174
1725659,South Africa,Interest > Books and Literature > Art and Photography Books,142131,54285
1003697,South Africa,Interest > Auto Body Styles > Microcar,140304,46386
4036754,South Africa,Interest > Extreme Sports,140272,48152
3442256,South Africa,Interest > Technology & Computing > Artificial Intelligence,139880,57732
2589442,South Africa,Interest > Travel Type > Day Trips,139660,34882
1584363,South Africa,Interest > Religion & Spirituality > Sikhism,139442,59100
2456050,South Africa,Interest > Events and Attractions > Museums & Galleries,139203,49780
4295898,South Africa,Interest > Industries > Financial Industry,139049,78319
3580370,South Africa,Interest > Talk Radio > News/Talk Radio,138993,44692
1732835,South Africa,Interest > Healthy Living > Women's Health,138734,63126
2617654,South Africa,Interest > Pets > Pet Adoptions,137769,64087
66904,South Africa,Interest > Video Game Genres > Educational Video Games,137443,45982
2302363,South Africa,Interest > Automotive > Car Culture,135392,67929
2711003,South Africa,Interest > Events and Attractions > Religious Events,134935,45945
4089515,South Africa,Interest > Personal Finance > Retirement Planning,133038,59739
4163879,South Africa,Interest > College Sports > College Basketball,132872,63616
1904935,South Africa,Interest > Healthy Living > Children's Health,132146,61553
2400777,South Africa,Interest > Parenting > Adoption and Fostering,132133,62003
1938329,South Africa,Interest > Personal Celebrations & Life Events > Graduation,131252,59952
4001462,South Africa,Interest > Sexual Health,131123,54306
3792516,South Africa,Interest > Diseases and Conditions > Foot Health,131050,68807
4029372,South Africa,Interest > Sexual Health > Sexual Conditions,130774,54241
3009880,South Africa,Interest > Music and Audio > Hip Hop Music,130308,40758
245054,South Africa,Interest > Internet > Search,130111,36668
1848440,South Africa,Interest > Music and Audio > Country Music,129014,53291
127780,South Africa,Interest > College Education,128947,57225
956907,South Africa,Interest > Diseases and Conditions > Lung and Respiratory Health,128932,50805
4074331,South Africa,Interest > Women's Accessories > Women's Handbags and Wallets,127369,44449
2334047,South Africa,Interest > Computer Software and Applications > Shareware and Freeware,127215,32266
4201940,South Africa,Interest > Sports > Hunting and Shooting,126786,57695
4469552,South Africa,Interest > Business Banking & Finance > Venture Capital,126413,51280
2324580,South Africa,Interest > Travel Type > Budget Travel,126287,31086
3954925,South Africa,Interest > Sports > Badminton,124835,50044
2158495,South Africa,Interest > Music and Audio > Dance and Electronic Music,123306,45058
4802517,South Africa,Interest > Books and Literature > Young Adult Literature,121101,60775
4422863,South Africa,Interest > Personal Debt,120931,55890
4772911,South Africa,Interest > Food & Drink > Cooking,120909,46167
3485297,South Africa,Interest > Healthy Living > Men's Health,120878,51795
4469458,South Africa,Interest > Industries > Media Industry,119630,66135
1435028,South Africa,Interest > Internet > Email,119613,45396
1215203,South Africa,Interest > Auto Body Styles > Van,119216,65610
2996670,South Africa,Interest > College Education > Undergraduate Education,119004,51584
876255,South Africa,Interest > Industries > Civil Engineering Industry,118926,61025
4009253,South Africa,Interest > Medical Health > Medical Tests,117679,56932
489409,South Africa,Interest > Games and Puzzles > Roleplaying Games,117033,35061
2821543,South Africa,Interest > Extreme Sports > Waterskiing and Wakeboarding,116852,41754
308168,South Africa,Interest > Books and Literature > Travel Books,114844,32983
3290256,South Africa,Interest > Arts and Crafts,114814,31654
4268228,South Africa,Interest > Industries > Environmental Services Industry,114691,46710
2672944,South Africa,Interest > Automotive > Auto Buying and Selling,113169,61061
1167141,South Africa,Interest > Automotive > Auto Shows,111819,37330
731760,South Africa,Interest > Sports > Boxing,111058,37225
3320412,South Africa,Interest > Events and Attractions > Nightclubs,110974,40997
1072541,South Africa,Interest > Consumer Electronics,110626,40881
3701206,South Africa,Interest > Events and Attractions > Amusement and Theme Parks,110389,41745
3025041,South Africa,Interest > Travel,110210,30598
3132661,South Africa,Interest > Auto Body Styles > Off-Road Vehicles,109021,64583
963292,South Africa,Interest > Fine Art > Fine Art Photography,107480,36971
4175207,South Africa,Interest > Diseases and Conditions > Cold and Flu,107467,55100
834067,South Africa,Interest > Medical Health > Cosmetic Medical Services,107411,43904
3904713,South Africa,Interest > Pets > Cats,107383,40575
1377949,South Africa,Interest > Computing,106793,53776
547436,South Africa,Interest > Automotive > Auto Recalls,106626,46272
2317887,South Africa,Interest > Video Gaming > Mobile Games,105916,49926
4618142,South Africa,Interest > Food & Drink > Food Allergies,105753,30000
2694742,South Africa,Interest > Education > Special Education,104925,60001
2019055,South Africa,Interest > Video Gaming > PC Games,104019,49344
1862496,South Africa,Interest > Reproductive Health,103920,39896
722960,South Africa,Interest > Music and Audio > Inspirational/New Age Music,103671,35942
2224245,South Africa,Interest > Beauty > Natural and Organic Beauty,102033,29671
540677,South Africa,Interest > Diseases and Conditions > Mental Health,100800,44282
4607828,South Africa,Interest > Video Gaming > Console Games,98181,44407
761211,South Africa,Interest > Equine Sports,97341,37769
2092466,South Africa,Interest > Diseases and Conditions > Brain and Nervous System Disorders,97147,35562
2832574,South Africa,Interest > Music and Audio > Adult Album Alternative,96690,34969
1221486,South Africa,Interest > Equine Sports > Horse Racing,96584,37457
514484,South Africa,Interest > News and Politics > Disasters,96301,38173
1140302,South Africa,Interest > Shopping > Children's Games and Toys,95950,36796
3786267,South Africa,Interest > Reproductive Health > Pregnancy,95496,37429
4599353,South Africa,Interest > Personal Care > Bath and Shower,94975,33052
4508377,South Africa,Interest > Sports > Sports Equipment,94714,23773
4121569,South Africa,Interest > Industries > Power and Energy Industry,93800,49969
3899297,South Africa,Interest > Travel > Travel Preparation and Advice,93027,25020
4527854,South Africa,Interest > Diseases and Conditions > Diabetes,91849,26913
4138970,South Africa,Interest > Content Production,91003,31953
1471798,South Africa,Interest > Movies > Animation Movies,90637,19497
2024501,South Africa,Interest > Personal Debt > Student Loans,90599,43748
4576352,South Africa,Interest > Medical Health > Pharmaceutical Drugs,89776,42525
2376538,South Africa,Interest > Computing > Information and Network Security,88729,46404
4686795,South Africa,Interest > Travel Locations > Polar Travel,86997,26905
1359867,South Africa,Interest > Religion & Spirituality > Atheism,86840,33199
1449083,South Africa,Interest > Extreme Sports > Surfing and Bodyboarding,86420,32861
1621707,South Africa,Interest > Personal Debt > Credit Cards,84996,40900
3559607,South Africa,Interest > Industries > Management Consulting Industry,84954,47851
2061730,South Africa,Interest > Family and Relationships > Eldercare,84554,47255
2338783,South Africa,Interest > Healthy Living > Senior Health,84543,48221
4724763,South Africa,Interest > Business > Green Solutions,84540,47470
2746048,South Africa,Interest > Consumer Issues,84531,28036
1898392,South Africa,Interest > Insurance > Travel Insurance,84308,43012
2761642,South Africa,Interest > Collecting,83859,35597
2977891,South Africa,Interest > Personal Care > Oral care,83311,37802
2883979,South Africa,Interest > Consumer Issues > Recalls,82354,27460
3276510,South Africa,Interest > Shopping > Household Supplies,81876,31406
3706935,South Africa,Interest > Home & Garden > Outdoor Decorating,81236,35821
950380,South Africa,"Interest > Diseases and Conditions > Ear, Nose and Throat Conditions",81227,35182
4731964,South Africa,Interest > College Education > College Planning,81029,33753
1945325,South Africa,Interest > Diseases and Conditions > Heart and Cardiovascular Diseases,80175,23975
4315681,South Africa,Interest > Home & Garden > Home Improvement,78370,38558
1160381,South Africa,Interest > Automotive > Dash Cam Videos,78079,31564
2582169,South Africa,Interest > Science,76387,27579
1123757,South Africa,Interest > Automotive > Auto Repair,75951,28811
4275382,South Africa,Interest > Fine Art > Modern Art,75332,27114
841269,South Africa,Interest > Insurance > Motor Insurance,74301,33429
4129352,South Africa,Interest > Industries > Retail Industry,74268,39895
4063662,South Africa,Interest > Computing > Computer Networking,73906,41224
1145560,South Africa,Interest > Beauty > Hair Care,73534,21280
1089755,South Africa,Interest > Wellness,73438,15526
436973,South Africa,Interest > Computer Software and Applications > Photo Editing Software,73055,17529
1649487,South Africa,Interest > Pets > Fish and Aquariums,72582,31659
473995,South Africa,Interest > Hobbies & Interests > Birdwatching,72474,17465
820288,South Africa,Interest > Collecting > Comic Books,72205,30519
3057121,South Africa,Interest > Diseases and Conditions > Cancer,72190,31822
595115,South Africa,Interest > Personal Debt > Personal Loans,71924,27543
655511,South Africa,Interest > Women's Clothing > Women's Intimates and Sleepwear,71627,22493
4084275,South Africa,Interest > Computing > Computer Peripherals,70789,41082
4222500,South Africa,Interest > Sports > Bowling,70579,46177
2048256,South Africa,Interest > Postgraduate Education,70390,28874
2281309,South Africa,Interest > Postgraduate Education > Professional School,70294,28842
3093379,South Africa,Interest > Beauty > Nail Care,70145,17854
4057226,South Africa,Interest > Beauty > Skin Care,70059,18924
3647358,South Africa,Interest > Reproductive Health > Infertility,69581,21403
991738,South Africa,Interest > Content Production > Video Production,69361,26243
3389611,South Africa,Interest > Consumer Electronics > Smartphones,69214,23676
1917877,South Africa,Interest > Careers > Remote Working,68934,22654
1812624,South Africa,Interest > Video Gaming > eSports,68719,22663
2863376,South Africa,Interest > Personal Care > Deodorant and Antiperspirant,68339,20873
4626212,South Africa,Interest > Events and Attractions > Cinemas and Events,68322,19039
2204006,South Africa,Interest > Hobbies & Interests > Genealogy and Ancestry,67905,23174
4655592,South Africa,Interest > Insurance > Pet Insurance,67628,38295
1455404,South Africa,Interest > Sports > Water Polo,66539,31509
1954770,South Africa,Interest > Diseases and Conditions > Infectious Diseases,66402,29907
3227767,South Africa,Interest > Music and Audio > Children's Music,65882,17955
573595,South Africa,Interest > Music and Audio > World/International Music,65808,13252
3870111,South Africa,Interest > Reproductive Health > Birth Control,64958,27552
1063988,South Africa,Interest > Fitness and Exercise,64538,30565
881431,South Africa,Interest > Extreme Sports > Canoeing and Kayaking,64406,23092
1872615,South Africa,Interest > Men's Clothing > Men's Sportswear,64247,11422
1958076,South Africa,Interest > Industries > Food Industry,63964,35776
2953067,South Africa,Interest > Women's Accessories > Women's Jewelry and Watches,63926,20440
1770676,South Africa,Interest > Wellness > Smoking Cessation,63786,13015
2469432,South Africa,Interest > Home & Garden > Remodeling & Construction,63710,29049
2369397,South Africa,Interest > Consumer Electronics > Cameras and Camcorders,63625,27800
4280697,South Africa,Interest > Arts and Crafts > Beadwork,63387,17662
1855297,South Africa,Interest > Sports > Wrestling,62533,18990
3314052,South Africa,Interest > Computer Software and Applications > Web Conferencing,61146,16822
2904265,South Africa,Interest > Science > Biological Sciences,60423,23533
1628180,South Africa,Interest > Sports > Cycling,59959,18630
1172956,South Africa,Interest > Diseases and Conditions > Substance Abuse,59807,26984
3147365,South Africa,Interest > Music and Audio > Sports Radio,59747,13820
119787,South Africa,Interest > Medical Health > Surgery,58493,29565
2972348,South Africa,Interest > Video Game Genres > Exercise and Fitness Video Games,58253,19827
2556564,South Africa,Interest > Home & Garden > Indoor Environmental Quality,57847,36205
3494310,South Africa,Interest > Movies > Drama Movies,56243,15166
4612248,South Africa,Interest > Industries > Defense Industry,56084,27454
2891298,South Africa,Interest > Science > Physics,55754,22237
1133594,South Africa,Interest > Content Production > Audio Production,55352,23143
1700960,South Africa,Interest > Music and Audio > Classic Hits,54785,13743
3693274,South Africa,Interest > Beauty > Makeup and Accessories,54252,18411
4578641,South Africa,Interest > Industries > Healthcare Industry,52332,25088
2208047,South Africa,Interest > Fitness and Exercise > Running and Jogging,51848,25667
1594897,South Africa,Interest > Hobbies & Interests > Sci-fi and Fantasy,51687,16506
4125704,South Africa,Interest > Music and Audio > Alternative Music,51422,19475
4542740,South Africa,Interest > Hobbies & Interests > Paranormal Phenomena,50815,17180
4437083,South Africa,Interest > Personal Investing > Options,50472,17750
1923566,South Africa,Interest > Personal Debt > Home Financing,48967,21902
2947344,South Africa,Interest > Arts and Crafts > Photography,48860,13517
2357621,South Africa,Interest > Women's Accessories > Women's Glasses,48623,15977
2964215,South Africa,Interest > Auto Technology,48047,20410
1029031,South Africa,Interest > Movies > Comedy Movies,47771,13746
2501549,South Africa,Interest > Food & Drink > Food Movements,47708,13793
2043622,South Africa,Interest > Alternative Medicine,47570,15238
4737632,South Africa,Interest > Collecting > Stamps and Coins,47353,22028
3245628,South Africa,Interest > Religion & Spirituality > Buddhism,46935,17010
602290,South Africa,Interest > Computer Software and Applications > Desktop Publishing,46906,12230
4067833,South Africa,Interest > Music and Audio > Blues,46855,13933
4335220,South Africa,Interest > Diseases and Conditions > Allergies,46408,22920
2085498,South Africa,Interest > Arts and Crafts > Candle and Soap Making,45690,11792
3801586,South Africa,Interest > Travel > Travel Accessories,45516,10246
2245000,South Africa,Interest > Sports > Tennis,45322,14888
2417097,South Africa,Interest > Computer Software and Applications > Digital Audio,45018,12253
1048116,South Africa,Interest > Industries > Telecommunications Industry,44814,20708
768296,South Africa,Interest > Content Production > Freelance Writing,44647,18811
3624610,South Africa,Interest > Pets > Reptiles,44598,17310
3103626,South Africa,Interest > Diseases and Conditions > Eye and Vision Conditions,44458,19083
2926776,South Africa,Interest > Automotive > Auto Rentals,44435,20026
2877694,South Africa,Interest > Industries > Construction Industry,44188,22622
4308426,South Africa,Interest > Education > Language Learning,43903,14500
3478728,South Africa,Interest > Auto Technology > Auto Navigation Systems,43850,19399
2724739,South Africa,Interest > Consumer Electronics > Wearable Technology,43631,15835
390877,South Africa,Interest > Pets > Veterinary Medicine,43518,17213
614988,South Africa,Interest > Auto Technology > Auto Safety Technologies,43235,19331
2857037,South Africa,Interest > Hobbies & Interests > Model Toys,42702,11969
1615697,South Africa,Interest > Medical Health > Vaccines,42553,17256
4239286,South Africa,Interest > Movies > Science Fiction Movies,42544,12282
4355557,South Africa,Interest > Sports > Baseball,42162,29172
1057861,South Africa,Interest > Arts and Crafts > Painting,40871,11358
1684106,South Africa,Interest > Auto Technology > Auto Infotainment Technologies,40637,17951
2826040,South Africa,Interest > Sports > Ice Hockey,40624,15386
814824,South Africa,Interest > Events and Attractions > Outdoor Activities,40602,12493
2081239,South Africa,Interest > Home & Garden > Interior Decorating,40551,19402
4646804,South Africa,Interest > Computer Software and Applications > Antivirus Software,40159,14376
4331881,South Africa,Interest > Personal Care > Shaving,39615,12958
4224017,South Africa,Interest > Music and Audio > Variety (Music and Audio),39260,15097
3874958,South Africa,Interest > Diseases and Conditions > Dental Health,38652,12988
4720577,South Africa,Interest > Extreme Sports > Scuba Diving,38546,12086
2781416,South Africa,Interest > Music and Audio > Classical Music,38011,10877
4482823,South Africa,Interest > Endocrine and Metabolic Diseases,37333,9311
3360504,South Africa,Interest > Computer Software and Applications > Browsers,36973,7877
1948717,South Africa,Interest > Educational Assessment,36350,12069
2981206,South Africa,Interest > Educational Assessment > Standardized Testing,36347,12068
3219084,South Africa,Interest > Movies > Family and Children Movies,36308,13641
4258118,South Africa,Interest > Alternative Medicine > Herbs and Supplements,36218,11929
2228402,South Africa,Interest > Men's Clothing > Men's Outerwear,35952,8550
4348293,South Africa,Interest > Travel Type > Cruises,35766,9150
806473,South Africa,Interest > Computer Software and Applications > Databases,35625,8001
996434,South Africa,Interest > Food & Drink > World Cuisines,35320,10316
3089808,South Africa,Interest > Sports > Swimming,35281,15798
2296026,South Africa,Interest > Endocrine and Metabolic Diseases > Thyroid Disorders,35233,8581
3958696,South Africa,Interest > Sports > Basketball,34877,10026
3001178,South Africa,Interest > Industries > Hospitality Industry,34822,18660
4456885,South Africa,Interest > Fitness and Exercise > Participant Sports,34169,13956
4151893,South Africa,Interest > Sports > Golf,33887,10948
3267484,South Africa,Interest > Real Estate > Developmental Sites,32620,18934
2362733,South Africa,Interest > Computer Software and Applications > Graphics Software,32601,7860
1353607,South Africa,Interest > Science > Space and Astronomy,32529,8204
1520669,South Africa,Interest > Women's Clothing > Women's Sportswear,32223,16932
3117493,South Africa,Interest > Industries > Manufacturing Industry,31936,14648
1642746,South Africa,Interest > Books and Literature > Children's Literature,31812,13388
944619,South Africa,Interest > Arts and Crafts > Drawing and Sketching,31620,8139
746499,South Africa,Interest > Auto Body Styles > Convertible,31340,11783
407656,South Africa,Interest > Books and Literature > Poetry,31320,9742
1706118,South Africa,Interest > Technology & Computing > Robotics,31259,11573
2739711,South Africa,Interest > Healthy Living > Weight Loss,30427,13174
3138233,South Africa,Interest > Industries > Biotech and Biomedical Industry,30162,17147
4216592,South Africa,Interest > Education > Homework and Study,29123,11168
2603781,South Africa,Interest > Hobbies & Interests > Workshops and Classes,29081,10651
3539533,South Africa,Interest > Books and Literature > Fiction,28438,11464
4521510,South Africa,Interest > Sports > Squash,28386,8667
3174570,South Africa,Interest > Arts and Crafts > Jewelry Making,28354,7820
4448923,South Africa,Interest > Industries > Logistics and Transportation Industry,28263,13218
4213135,South Africa,Interest > Extreme Sports > Skateboarding,28034,10863
4077315,South Africa,Interest > Women's Clothing > Women's Outerwear,27841,10389
3140391,South Africa,Interest > Sports > Poker and Professional Gambling,27816,8880
4185565,South Africa,Interest > Men's Accessories,27811,7762
4246064,South Africa,Interest > Men's Accessories > Men's Jewelry and Watches,27710,7744
4051848,South Africa,Interest > Home & Garden > Landscaping,27551,13329
4189083,South Africa,Interest > Food & Drink > Alcoholic Beverages,27015,6810
1709835,South Africa,Interest > Books and Literature > Cookbooks,26932,8350
2343660,South Africa,Interest > Wellness > Physical Therapy,26252,8256
4353890,South Africa,Interest > Events and Attractions > Fan Conventions,25894,8627
3170206,South Africa,Interest > Automotive > Auto Insurance,25714,10963
3072294,South Africa,Interest > Diseases and Conditions > Sleep Disorders,24843,9578
2552413,South Africa,Interest > Arts and Crafts > Scrapbooking,24357,5704
4569963,South Africa,Interest > Endocrine and Metabolic Diseases > Hormonal Disorders,24278,6664
3221672,South Africa,Interest > Sports > Track and Field,24157,9028
4263987,South Africa,Interest > Computing > Data Storage and Warehousing,23840,9291
1999504,South Africa,Interest > Religion & Spirituality > Spirituality,23204,7491
1302681,South Africa,Interest > Video Game Genres > Casual Games,23013,6329
2868038,South Africa,Interest > Science > Geography,22811,11443
3254312,South Africa,Interest > Business > Logistics,22767,9129
4564476,South Africa,Interest > Books and Literature > Biographies,22455,8982
3012882,South Africa,Interest > Sports > Field Hockey,22342,7590
3192937,South Africa,Interest > Diseases and Conditions > Skin and Dermatology,21806,6207
4358355,South Africa,Interest > Industries > Advertising Industry,21740,8745
2268647,South Africa,Interest > Events and Attractions > Zoos & Aquariums,21607,8263
4093958,South Africa,Interest > Sports > Sailing,21034,9181
4254144,South Africa,Interest > Diseases and Conditions > Blood Disorders,20244,7078
2787176,South Africa,Interest > Science > Geology,19887,5862
1633894,South Africa,Interest > Music and Audio > Jazz,19857,4965
4109249,South Africa,Interest > Fine Art > Digital Arts,19613,6725
3265456,South Africa,Interest > Business > Startups,19397,6832
1517126,South Africa,Interest > Industries > Technology Industry,18869,10811
3220157,South Africa,Interest > Business > Human Resources,18675,12141
4013440,South Africa,Interest > Sports > Figure Skating,18629,4643
4649022,South Africa,Interest > Sports > Lacrosse,18535,3988
3652692,South Africa,Interest > Beauty > Perfume and Fragrance,18507,6480
3236564,South Africa,Interest > Travel Type > Spas,17677,4105
3002956,South Africa,Interest > Travel Type > Camping,17106,3498
3259061,South Africa,Interest > Music and Audio > Comedy (Music and Audio),16789,6403
4167797,South Africa,Interest > Home & Garden > Gardening,16498,7716
139385,South Africa,Interest > Healthy Living > Nutrition,16414,7393
3256293,South Africa,Interest > Science > Genetics,16353,8377
2677754,South Africa,Interest > Arts and Crafts > Needlework,15756,5631
1867230,South Africa,Interest > Alternative Medicine > Holistic Health,15384,5760
3271376,South Africa,Interest > Industries > Aviation Industry,15167,8872
1393331,South Africa,Interest > Hobbies & Interests > Radio Control,15154,4449
2229342,South Africa,Interest > Sports > Walking,14744,5042
3263853,South Africa,Interest > Industries > Mechanical and Industrial Engineering Industry,14601,6214
1630030,South Africa,Interest > Industries > Entertainment Industry,14378,5663
1863174,South Africa,Interest > Music and Audio > Contemporary Hits/Pop/Top 40,14204,2268
3122299,South Africa,Interest > Computer Software and Applications > 3-D Graphics,13960,2828
4339772,South Africa,Interest > Sports > Weightlifting,13926,5227
4249039,South Africa,Interest > Industries > Pharmaceutical Industry,13447,5269
4179904,South Africa,Interest > Auto Type > Certified Pre-Owned Cars,13341,3366
3074748,South Africa,Interest > Auto Body Styles > Crossover,13186,3730
1907105,South Africa,Interest > Sports > Bodybuilding,12788,4587
672516,South Africa,Interest > Computer Software and Applications > Computer Animation,12687,3503
3745985,South Africa,Interest > Fine Art > Dance,12631,4228
2533016,South Africa,Interest > Sports > Cheerleading,12499,7496
2763864,South Africa,Interest > Extreme Sports > Climbing,12391,3276
364808,South Africa,Interest > Hobbies & Interests > Beekeeping,11828,4060
4639322,South Africa,Interest > Fine Art > Design,11086,2959
1532364,South Africa,Interest > Fine Art > Costume,10679,3728
4464150,South Africa,Interest > Diseases and Conditions > Digestive Disorders,10554,4667
3354314,South Africa,Interest > Hobbies & Interests > Cigars,10437,2903
4501988,South Africa,Interest > Consumer Electronics > Tablets and E-readers,10391,3071
2790309,South Africa,Interest > Food & Drink > Non-Alcoholic Beverages,10366,3279
368043,South Africa,Interest > Sports > Martial Arts,9598,2665
1117213,South Africa,Interest > Automotive > Motorcycles,9349,4255
845587,South Africa,Interest > Computer Software and Applications > Operating Systems,9205,1557
3571020,South Africa,Interest > Diseases and Conditions > Bone and Joint Conditions,9108,3906
2702518,South Africa,Interest > Industries > Publishing Industry,8797,3786
3134457,South Africa,Interest > Fine Art > Opera,8764,3067
4157247,South Africa,Interest > Consumer Electronics > Home Entertainment Systems,8469,2289
4673258,South Africa,Interest > Religion & Spirituality > Astrology,8285,2831
3124833,South Africa,Interest > Automotive > Scooters,8250,2803
1125318,South Africa,Interest > Arts and Crafts > Woodworking,8079,2168
4326154,South Africa,Interest > Sports > Inline Skating,7321,1796
2967221,South Africa,Interest > Sports > Gymnastics,7145,2323
2557823,South Africa,Interest > Fine Art > Theater,7019,1866
4177430,South Africa,Interest > Industries > Automotive Industry,6540,3705
4343517,South Africa,Interest > Business > Marketing and Advertising,6339,2773
1564632,South Africa,Interest > Music and Audio > College Radio,6216,1860
1735895,South Africa,Interest > Sports > Diving,6104,2760
4230073,South Africa,Interest > Industries > Agriculture,5825,2015
919321,South Africa,Interest > Science > Environment,5697,1541
4227343,South Africa,Interest > Hobbies & Interests > Musical Instruments,5697,1455
3797119,South Africa,Interest > Endocrine and Metabolic Diseases > Menopause,5493,1391
3195835,South Africa,Interest > Video Game Genres > MMOs,5121,1678
3085604,South Africa,Interest > Science > Chemistry,4845,1166
2562874,South Africa,Interest > Content Production > Screenwriting,4535,1818
2611512,South Africa,Interest > Women's Fashion,4123,1728
3900331,South Africa,Interest > Women's Fashion > Women's Shoes and Footwear,4122,1728
4290372,South Africa,Interest > Sports > Skiing,4104,844
3232566,South Africa,Interest > Men's Fashion,3166,850
2957897,South Africa,Interest > Men's Fashion > Men's Shoes and Footwear,3160,845
4169925,South Africa,Interest > Extreme Sports > Snowboarding,3032,1278
181779,South Africa,Interest > Computing > Desktops,2806,853
3107961,South Africa,Interest > Computing > Laptops,2706,654
3126106,South Africa,Interest > Music and Audio > Religious (Music and Audio),2659,1124
3026078,South Africa,Interest > Sports > Rodeo,2557,741
2218119,South Africa,Interest > Sports > Rowing,2307,518
3122751,South Africa,Interest > Industries > Non-Profit Organizations,1926,966
4240634,South Africa,Interest > Events and Attractions > Musicals,1721,427
4259348,South Africa,Interest > Business > Sales,1605,578
2208103,South Africa,Interest > Industries > Apparel Industry,1529,561
4599803,South Africa,Interest > Extreme Sports > Paintball,897,261
4344988,South Africa,Interest > Education > Homeschooling,869,319
1052548,South Africa,Interest > Computing > Programming Languages,386,60
4772949,South Africa,Interest > Automotive > Road-Side Assistance,16,4
4626299,South Africa,Interest > Music and Audio > Oldies/Adult Standards,4,1
